home_score,away_score,empate,dif_gol,local,visitante,num_continente_local,num_continente_visitante,num_continente_anfitrion
0,3,False,-3,5,75,2,1,1
4,1,False,3,26,42,2,1,1
1,2,False,-1,8,78,1,2,1
1,3,False,-2,52,56,1,2,1
1,0,False,1,2,25,1,2,1
3,0,False,3,12,42,1,1,1
0,4,False,-4,6,78,1,2,1
0,3,False,-3,51,75,1,1,1
1,0,False,1,77,52,1,1,1
6,3,False,3,2,42,1,1,1
1,0,False,1,12,25,1,2,1
0,1,False,-1,5,51,2,1,1
0,4,False,-4,6,8,1,1,1
4,0,False,4,77,56,1,2,1
3,1,False,2,2,12,1,1,1
6,1,False,5,2,75,1,1,1
6,1,False,5,77,78,1,2,1
4,2,False,2,77,2,1,1,1
2,3,False,-1,2,67,1,2,2
3,2,False,1,4,25,2,2,2
2,5,False,-3,5,27,2,2,2
1,3,False,-2,8,66,1,2,2
2,1,False,1,19,56,2,2,2
2,4,False,-2,23,32,4,2,2
7,1,False,6,38,75,2,1,2
2,3,False,-1,44,68,2,2,2
2,1,False,1,4,32,2,2,2
3,2,False,1,19,68,2,2,2
2,1,False,1,28,67,2,2,2
1,1,True,0,38,66,2,2,2
1,0,False,1,38,66,2,2,2
3,1,False,2,19,27,2,2,2
1,0,False,1,38,4,2,2,2
2,3,False,-1,4,27,2,2,2
2,1,False,1,38,18,2,2,2
1,1,True,0,28,68,2,2,2
6,5,False,1,8,53,1,2,2
3,3,True,0,17,56,1,2,2
3,0,False,3,19,44,2,2,2
3,1,False,2,26,5,2,2,2
6,0,False,6,33,34,2,3,2
2,1,False,1,38,49,2,2,2
2,1,False,1,17,56,1,2,2
2,4,False,-2,28,68,2,2,2
1,1,True,0,8,18,1,2,2
0,8,False,-8,17,67,1,2,2
1,3,False,-2,26,37,2,2,2
2,0,False,2,33,68,2,2,2
2,1,False,1,8,18,1,2,2
1,2,False,-1,8,37,1,2,2
5,1,False,4,33,67,2,2,2
4,2,False,2,8,67,1,2,2
2,4,False,-2,33,37,2,2,2
4,0,False,4,8,42,1,1,1
0,2,False,-2,12,24,1,2,1
2,3,False,-1,38,67,2,2,1
3,1,False,2,67,75,2,1,1
0,3,False,-3,69,78,2,2,1
2,2,True,0,8,68,1,2,1
1,4,False,-3,42,78,1,2,1
0,2,False,-2,12,66,1,2,1
0,1,False,-1,25,75,2,1,1
2,2,True,0,51,67,1,2,1
2,0,False,2,8,78,1,2,1
0,8,False,-8,6,76,1,1,1
5,2,False,3,12,75,1,1,1
0,1,False,-1,25,66,2,2,1
2,0,False,2,38,51,2,1,1
1,2,False,-1,42,68,1,2,1
7,1,False,6,8,67,1,2,1
2,2,True,0,67,76,2,1,1
6,1,False,5,8,66,1,2,1
2,3,False,-1,68,76,2,1,1
1,2,False,-1,8,76,1,1,1
1,3,False,-2,67,67,2,2,1
1,0,False,1,4,59,2,2,2
5,0,False,5,8,42,1,1,2
0,2,False,-2,19,76,2,1,2
0,1,False,-1,26,78,2,2,2
4,4,True,0,5,24,2,2,2
4,1,False,3,28,72,2,3,2
9,0,False,9,33,65,2,3,2
2,1,False,1,69,37,2,2,2
5,0,False,5,4,18,2,2,2
1,1,True,0,8,78,1,2,2
3,2,False,1,26,42,2,1,2
0,7,False,-7,60,76,2,1,2
1,4,False,-3,5,37,2,2,2
3,8,False,-5,28,32,2,2,2
0,7,False,-7,66,72,3,3,2
0,2,False,-2,69,24,2,2,2
7,2,False,5,28,72,2,3,2
4,1,False,3,69,37,2,2,2
2,4,False,-2,25,76,2,1,2
5,7,False,-2,69,4,2,2,2
2,4,False,-2,8,32,1,2,2
2,0,False,2,28,78,2,2,2
1,6,False,-5,4,27,2,2,2
4,2,False,2,33,76,2,1,2
3,1,False,2,4,76,2,1,2
3,2,False,1,28,32,2,2,2
1,3,False,-2,2,27,1,2,2
0,3,False,-3,4,8,2,1,2
0,1,False,-1,19,48,2,2,2
2,2,True,0,25,57,2,2,2
7,3,False,4,26,51,2,1,2
1,1,True,0,33,77,2,2,2
1,1,True,0,60,78,2,2,2
3,0,False,3,68,42,2,1,2
3,1,False,2,2,48,1,2,2
0,2,False,-2,4,57,2,2,2
0,0,True,0,8,24,1,2,2
2,2,True,0,19,27,2,2,2
2,3,False,-1,26,78,2,2,2
1,1,True,0,42,77,1,2,2
3,2,False,1,51,59,1,2,2
2,1,False,1,68,32,2,2,2
1,6,False,-5,2,18,1,2,2
2,2,True,0,4,24,2,2,2
2,0,False,2,8,57,1,2,2
2,1,False,1,26,59,2,2,2
2,2,True,0,28,48,2,2,2
4,0,False,4,33,42,2,1,2
3,3,True,0,51,78,1,2,2
0,0,True,0,68,77,2,2,2
1,2,False,-1,19,48,2,2,2
0,1,False,-1,25,57,2,2,2
1,2,False,-1,33,77,2,2,2
1,0,False,1,8,77,1,2,2
4,0,False,4,26,48,2,2,2
1,0,False,1,28,78,2,2,2
2,0,False,2,68,57,2,2,2
5,2,False,3,8,25,1,2,2
3,1,False,2,68,27,2,2,2
6,3,False,3,26,27,2,2,2
2,5,False,-3,68,8,2,1,2
1,0,False,1,2,9,1,2,1
2,0,False,2,8,42,1,1,1
3,1,False,2,12,68,1,2,1
1,2,False,-1,14,76,1,1,1
1,0,False,1,19,66,2,2,1
1,2,False,-1,25,32,2,2,1
0,0,True,0,28,37,2,2,1
2,0,False,2,58,78,2,2,1
1,3,False,-2,2,24,1,2,1
0,0,True,0,8,18,1,2,1
2,0,False,2,12,37,1,2,1
1,3,False,-2,77,78,1,2,1
1,6,False,-5,9,32,2,2,1
4,4,True,0,14,57,1,2,1
2,1,False,1,28,68,2,2,1
0,1,False,-1,42,66,1,2,1
0,0,True,0,2,32,1,2,1
2,1,False,1,8,66,1,2,1
0,2,False,-2,12,27,1,2,1
2,1,False,1,58,76,2,1,1
0,0,True,0,9,24,2,2,1
0,5,False,-5,14,78,1,2,1
1,3,False,-2,19,42,2,1,1
3,0,False,3,38,68,2,2,1
3,1,False,2,8,24,1,2,1
2,1,False,1,12,57,1,2,1
1,0,False,1,19,32,2,2,1
0,1,False,-1,28,78,2,2,1
2,4,False,-2,12,8,1,1,1
3,1,False,2,19,78,2,2,1
1,0,False,1,12,78,1,2,1
3,1,False,2,8,18,1,2,1
0,0,True,0,25,76,2,1,2
2,0,False,2,8,9,1,2,2
5,0,False,5,28,68,2,2,2
0,3,False,-3,47,57,3,2,2
2,1,False,1,2,66,1,2,2
0,2,False,-2,12,37,1,2,2
1,1,True,0,26,42,2,1,2
1,3,False,-2,33,54,2,2,2
1,3,False,-2,8,32,1,2,2
1,1,True,0,12,47,1,3,2
1,2,False,-1,26,76,2,1,2
2,1,False,1,67,68,2,2,2
0,0,True,0,2,27,1,2,2
0,3,False,-3,9,54,2,2,2
2,0,False,2,25,42,2,1,2
0,1,False,-1,38,57,2,2,2
2,0,False,2,2,68,1,2,2
1,3,False,-2,8,54,1,2,2
0,1,False,-1,38,47,2,3,2
0,0,True,0,42,76,1,1,2
1,3,False,-2,9,32,2,2,2
1,2,False,-1,12,57,1,2,2
2,0,False,2,25,25,2,2,2
2,1,False,1,28,66,2,2,2
1,0,False,1,25,2,2,1,2
4,0,False,4,28,76,2,1,2
1,2,False,-1,33,57,2,2,2
3,5,False,-2,47,54,3,2,2
2,1,False,1,28,57,2,2,2
2,1,False,1,25,54,2,2,2
2,1,False,1,54,57,2,2,2
4,2,False,2,25,27,2,2,2
0,0,True,0,42,57,1,2,1
2,3,False,-1,9,52,2,1,1
1,0,False,1,25,56,2,2,1
0,2,False,-2,37,76,3,1,1
3,0,False,3,5,23,2,1,1
4,1,False,3,8,18,1,2,1
2,1,False,1,28,43,2,4,1
1,0,False,1,38,67,2,2,1
1,4,False,-3,5,57,2,2,1
1,2,False,-1,19,56,2,2,1
0,0,True,0,38,76,2,1,1
0,3,False,-3,43,52,4,1,1
1,0,False,1,8,24,1,2,1
2,5,False,-3,9,27,2,2,1
1,1,True,0,37,67,3,2,1
4,0,False,4,42,23,1,1,1
3,2,False,1,8,56,1,2,1
0,2,False,-2,24,57,1,2,1
3,1,False,2,28,52,2,1,1
1,0,False,1,68,76,2,1,1
1,1,True,0,9,43,2,4,1
0,1,False,-1,19,24,2,2,1
0,0,True,0,37,37,3,2,1
1,0,False,1,42,5,1,2,1
4,2,False,2,8,52,1,1,1
2,3,False,-1,25,27,2,2,1
1,4,False,-3,42,37,1,2,1
0,1,False,-1,58,76,2,1,1
3,1,False,2,8,76,1,1,1
3,4,False,-1,28,37,2,2,1
1,0,False,1,28,76,2,1,1
4,1,False,3,8,37,1,2,1
0,0,True,0,8,78,1,2,2
0,2,False,-2,21,59,4,2,2
2,0,False,2,27,3,2,5,2
1,0,False,1,28,12,2,1,2
3,1,False,2,38,30,2,1,2
3,2,False,1,53,2,2,1,2
0,0,True,0,68,9,2,2,2
0,2,False,-2,77,44,1,2,2
1,1,True,0,12,26,1,2,2
3,0,False,3,28,3,2,5,2
0,0,True,0,60,8,2,1,2
9,0,False,9,79,20,2,4,2
1,1,True,0,2,37,1,2,2
1,1,True,0,9,76,2,1,2
0,7,False,-7,31,53,1,2,2
0,0,True,0,44,67,2,2,2
0,0,True,0,3,12,5,1,2
0,3,False,-3,21,8,4,1,2
0,1,False,-1,28,26,2,2,2
1,1,True,0,60,78,2,2,2
4,1,False,3,2,30,1,1,2
1,4,False,-3,9,44,2,2,2
2,1,False,1,53,37,2,2,2
3,0,False,3,68,76,2,1,2
1,0,False,1,8,26,1,2,2
2,0,False,2,28,78,2,2,2
4,0,False,4,44,2,2,1,2
0,1,False,-1,68,53,2,2,2
1,2,False,-1,2,8,1,1,2
0,2,False,-2,27,44,2,2,2
4,2,False,2,28,67,2,2,2
2,1,False,1,53,78,2,2,2
1,1,True,0,2,26,1,2,2
1,0,False,1,28,53,2,2,2
2,0,False,2,44,8,2,1,2
2,1,False,1,68,78,2,2,2
0,1,False,-1,8,53,1,2,2
2,1,False,1,28,44,2,2,2
0,0,True,0,28,53,2,2,1
2,1,False,1,2,32,1,2,1
1,2,False,-1,26,37,2,2,1
1,3,False,-2,42,71,1,4,1
2,1,False,1,4,66,2,2,1
1,1,True,0,8,67,1,2,1
0,3,False,-3,35,44,3,2,1
3,1,False,2,52,59,1,2,1
2,1,False,1,2,25,1,2,1
6,0,False,6,28,42,2,1,1
1,3,False,-2,33,37,2,2,1
1,0,False,1,53,71,2,4,1
1,0,False,1,4,67,2,2,1
0,0,True,0,8,66,1,2,1
1,1,True,0,35,59,3,2,1
0,0,True,0,44,52,2,1,1
0,1,False,-1,2,37,1,2,1
3,1,False,2,26,32,2,2,1
0,0,True,0,28,71,2,4,1
1,3,False,-2,42,53,1,2,1
0,1,False,-1,4,8,2,1,1
1,4,False,-3,35,52,3,1,1
2,3,False,-1,44,59,2,2,1
1,0,False,1,67,67,2,2,1
2,0,False,2,2,53,1,2,1
1,5,False,-4,4,44,2,2,1
3,0,False,3,8,52,1,1,1
0,0,True,0,28,37,2,2,1
0,0,True,0,2,8,1,1,1
0,1,False,-1,4,37,2,2,1
2,2,True,0,28,44,2,2,1
0,1,False,-1,52,53,1,2,1
6,0,False,6,2,52,1,1,1
3,2,False,1,4,27,2,2,1
3,1,False,2,8,53,1,2,1
1,2,False,-1,38,44,2,2,1
2,1,False,1,8,37,1,2,1
3,1,False,2,2,44,1,2,1
0,1,False,-1,2,5,1,2,2
2,1,False,1,8,57,1,2,2
0,0,True,0,38,53,2,2,2
10,1,False,9,33,23,2,1,2
0,0,True,0,52,10,1,4,2
5,2,False,3,60,45,2,5,2
3,1,False,2,25,25,2,2,2
1,2,False,-1,28,0,2,4,2
1,1,True,0,67,31,2,1,2
0,1,False,-1,12,4,1,2,2
1,1,True,0,19,41,2,3,2
0,0,True,0,79,48,2,2,2
4,1,False,3,2,32,1,2,2
4,1,False,3,8,59,1,2,2
1,1,True,0,38,52,2,1,2
1,0,False,1,5,23,2,1,2
0,0,True,0,53,10,2,4,2
3,0,False,3,58,45,2,5,2
2,0,False,2,25,18,2,2,2
4,1,False,3,28,12,2,1,2
2,1,False,1,67,78,2,2,2
0,2,False,-2,0,4,4,2,2
4,1,False,3,26,41,2,3,2
1,1,True,0,32,48,1,2,2
1,1,True,0,5,32,2,2,2
5,1,False,4,53,52,2,1,2
2,2,True,0,58,59,2,2,2
2,0,False,2,2,23,1,1,2
4,0,False,4,8,45,1,5,2
1,1,True,0,38,10,2,4,2
3,2,False,1,0,12,4,1,2
1,1,True,0,26,18,2,2,2
0,1,False,-1,32,78,1,2,2
1,0,False,1,25,41,2,3,2
1,0,False,1,28,4,2,2,2
0,1,False,-1,67,48,2,2,2
0,1,False,-1,4,25,2,2,2
3,0,False,3,53,5,2,2,2
0,0,True,0,28,24,2,2,2
2,1,False,1,38,2,2,1,2
2,2,True,0,4,48,2,2,2
0,1,False,-1,5,57,2,2,2
1,3,False,-2,2,8,1,1,2
1,2,False,-1,67,27,2,2,2
4,1,False,3,26,48,2,2,2
0,0,True,0,53,57,2,2,2
3,2,False,1,38,8,2,1,2
0,0,True,0,67,24,2,2,2
3,3,True,0,28,25,2,2,2
0,2,False,-2,53,37,2,2,2
3,2,False,1,53,25,2,2,2
3,1,False,2,38,27,2,2,2
1,1,True,0,9,37,2,2,1
0,1,False,-1,11,25,1,2,1
0,1,False,-1,67,8,2,1,1
3,1,False,2,2,65,1,3,1
0,0,True,0,43,53,4,2,1
6,0,False,6,58,32,2,2,1
1,1,True,0,0,48,4,2,1
2,1,False,1,42,5,1,2,1
1,0,False,1,54,24,2,2,1
1,0,False,1,51,36,1,3,1
0,1,False,-1,60,19,2,2,1
1,1,True,0,77,27,1,2,1
1,1,True,0,26,57,2,2,1
1,1,True,0,38,2,2,1,1
1,1,True,0,66,9,3,2,1
1,0,False,1,8,0,1,4,1
0,0,True,0,25,43,2,4,1
2,0,False,2,33,11,2,1,1
1,1,True,0,42,51,1,1,1
1,2,False,-1,48,66,2,2,1
1,0,False,1,53,54,2,2,1
6,1,False,5,20,76,2,1,1
2,1,False,1,28,59,2,2,1
1,2,False,-1,36,5,3,2,1
0,3,False,-3,33,25,2,2,1
2,0,False,2,58,11,2,1,1
2,0,False,2,2,9,1,2,1
2,3,False,-1,66,37,3,2,1
3,0,False,3,25,53,2,2,1
1,0,False,1,42,36,1,3,1
2,2,True,0,51,5,1,2,1
1,3,False,-2,54,43,2,4,1
0,3,False,-3,0,66,4,2,1
0,3,False,-3,48,8,2,1,1
2,0,False,2,20,27,2,2,1
0,0,True,0,60,76,2,1,1
2,0,False,2,42,9,1,2,1
3,4,False,-1,58,5,2,2,1
1,0,False,1,2,76,1,1,1
4,0,False,4,8,53,1,2,1
0,2,False,-2,38,25,2,2,1
0,1,False,-1,43,27,4,2,1
1,5,False,-4,20,66,2,2,1
3,0,False,3,25,51,2,1,1
1,1,True,0,8,25,1,2,1
0,0,True,0,42,27,1,2,1
2,1,False,1,2,24,1,2,1
1,1,True,0,67,5,2,2,1
2,0,False,2,2,5,1,2,1
0,2,False,-2,26,27,2,2,1
4,2,False,2,26,5,2,2,1
3,2,False,1,2,27,1,2,1
0,1,False,-1,2,10,1,4,2
1,0,False,1,38,4,2,2,2
0,2,False,-2,58,56,2,2,2
0,2,False,-2,75,14,3,1,2
2,1,False,1,8,67,1,2,2
4,1,False,3,28,78,2,2,2
1,5,False,-4,76,18,1,2,2
1,0,False,1,15,59,1,2,2
1,1,True,0,25,55,2,2,2
2,0,False,2,5,65,2,3,2
1,1,True,0,44,22,2,4,2
2,0,False,2,2,57,1,2,2
0,0,True,0,77,66,1,2,2
2,1,False,1,10,56,4,2,2
1,0,False,1,38,75,2,1,2
1,0,False,1,79,14,2,1,2
0,1,False,-1,4,18,2,2,2
5,1,False,4,28,74,2,3,2
1,0,False,1,8,15,1,1,2
0,0,True,0,25,44,2,2,2
1,2,False,-1,68,59,2,2,2
3,1,False,2,5,76,2,1,2
0,0,True,0,56,22,2,4,2
1,3,False,-2,66,66,3,2,2
1,1,True,0,2,56,1,2,2
0,4,False,-4,10,57,4,2,2
2,1,False,1,4,75,2,1,2
1,1,True,0,28,14,2,1,2
2,0,False,2,38,18,2,2,2
4,1,False,3,79,74,2,3,2
1,0,False,1,8,59,1,2,2
1,2,False,-1,68,15,2,1,2
1,2,False,-1,5,66,2,2,2
1,0,False,1,25,22,2,4,2
1,1,True,0,56,44,2,2,2
0,1,False,-1,66,76,3,1,2
2,1,False,1,10,14,4,1,2
4,1,False,3,19,15,2,1,2
0,1,False,-1,8,2,1,1,2
2,1,False,1,28,44,2,2,2
0,0,True,0,56,56,2,2,2
2,0,False,2,38,76,2,1,2
1,0,False,1,25,5,2,2,2
1,2,False,-1,67,78,2,2,2
1,0,False,1,38,55,2,2,2
0,0,True,0,79,2,2,1,2
2,3,False,-1,10,24,4,2,2
1,0,False,1,28,18,2,2,2
1,1,True,0,38,2,2,1,2
1,1,True,0,28,24,2,2,2
2,1,False,1,38,24,2,2,2
1,0,False,1,28,2,2,1,2
1,0,False,1,28,6,2,1,1
2,2,True,0,67,65,2,3,1
1,3,False,-2,14,56,1,2,1
0,1,False,-1,38,55,2,2,1
1,1,True,0,76,68,1,2,1
1,0,False,1,5,43,2,4,1
2,2,True,0,10,67,4,2,1
1,0,False,1,49,42,2,1,1
2,0,False,2,8,57,1,2,1
2,1,False,1,44,58,2,3,1
4,0,False,4,2,29,1,2,1
1,1,True,0,28,66,2,2,1
3,0,False,3,46,9,4,2,1
1,4,False,-3,57,68,2,2,1
2,1,False,1,76,14,1,1,1
1,0,False,1,38,49,2,2,1
0,0,True,0,66,6,3,1,1
3,0,False,3,8,10,1,4,1
2,1,False,1,42,55,1,2,1
3,1,False,2,68,57,2,2,1
2,1,False,1,2,46,1,4,1
1,0,False,1,5,44,2,2,1
2,1,False,1,59,43,3,4,1
4,0,False,4,9,29,2,2,1
0,2,False,-2,69,14,2,1,1
0,1,False,-1,76,56,1,2,1
1,3,False,-2,6,66,1,2,1
3,2,False,1,28,65,2,3,1
1,1,True,0,8,67,1,2,1
0,0,True,0,56,49,2,2,1
1,1,True,0,38,42,2,1,1
6,1,False,5,58,10,2,4,1
0,1,False,-1,5,58,2,3,1
1,2,False,-1,43,44,4,2,1
0,2,False,-2,2,9,1,2,1
0,2,False,-2,30,46,2,4,1
3,2,False,1,28,5,2,2,1
3,0,False,3,67,68,2,2,1
3,2,False,1,57,2,2,1,1
1,3,False,-2,59,67,3,2,1
2,0,False,2,44,55,2,2,1
0,1,False,-1,76,8,1,1,1
1,1,True,0,42,9,1,2,1
1,2,False,-1,46,37,4,2,1
2,1,False,1,38,66,2,2,1
2,3,False,-1,44,8,2,1,1
2,1,False,1,9,27,2,2,1
2,2,True,0,57,67,2,2,1
1,2,False,-1,9,37,2,2,1
0,1,False,-1,68,8,2,1,1
4,0,False,4,68,9,2,2,1
0,0,True,0,8,37,1,2,1
2,1,False,1,8,59,1,2,2
2,2,True,0,43,49,4,2,2
1,1,True,0,10,4,4,2,2
2,2,True,0,38,12,2,1,2
3,0,False,3,26,64,2,4,2
0,0,True,0,51,9,1,2,2
0,1,False,-1,59,19,3,2,2
1,3,False,-2,66,42,3,1,2
0,0,True,0,44,5,2,2,2
2,3,False,-1,67,46,2,4,2
1,0,False,1,2,40,1,3,2
1,3,False,-2,40,16,1,2,2
1,0,False,1,62,35,2,3,2
2,0,False,2,25,71,2,4,2
2,0,False,2,28,75,2,1,2
1,0,False,1,57,14,2,1,2
3,0,False,3,8,43,1,4,2
1,1,True,0,60,49,2,2,2
1,1,True,0,12,4,1,2,2
3,0,False,3,38,10,2,4,2
4,0,False,4,26,58,2,3,2
1,1,True,0,65,19,4,2,2
1,0,False,1,46,9,4,2,2
0,0,True,0,67,51,2,1,2
2,2,True,0,5,42,2,1,2
0,1,False,-1,41,16,3,2,2
5,0,False,5,44,65,2,3,2
5,0,False,5,2,39,1,1,2
2,2,True,0,28,61,2,2,2
1,2,False,-1,76,35,1,3,2
1,0,False,1,14,71,1,4,2
2,1,False,1,57,24,2,2,2
1,2,False,-1,8,49,1,2,2
1,1,True,0,12,10,1,4,2
2,1,False,1,38,4,2,2,2
0,3,False,-3,60,43,2,4,2
2,1,False,1,26,19,2,2,2
1,3,False,-2,46,51,4,1,2
2,2,True,0,65,58,4,3,2
6,1,False,5,67,9,2,2,2
1,1,True,0,5,65,2,3,2
2,0,False,2,28,35,2,3,2
2,2,True,0,44,42,2,1,2
0,1,False,-1,76,61,1,2,2
1,0,False,1,2,16,1,2,2
0,2,False,-2,14,24,1,2,2
1,2,False,-1,41,39,3,1,2
1,1,True,0,57,71,2,4,2
4,1,False,3,8,12,1,1,2
1,0,False,1,38,49,2,2,2
1,0,False,1,26,51,2,1,2
1,4,False,-3,46,19,4,2,2
2,1,False,1,28,42,2,1,2
2,1,False,1,44,61,2,2,2
2,2,True,0,2,24,1,2,2
0,1,False,-1,57,16,2,2,2
3,2,False,1,8,19,1,2,2
0,0,True,0,26,37,2,2,2
0,3,False,-3,28,16,2,2,2
2,1,False,1,44,2,2,1,2
1,1,True,0,8,44,1,2,2
2,1,False,1,26,16,2,2,2
1,2,False,-1,44,16,2,2,2
3,0,False,3,26,8,2,1,2
0,1,False,-1,26,60,2,4,3
8,0,False,8,28,58,2,3,3
1,1,True,0,56,10,2,4,3
1,2,False,-1,77,19,1,2,3
1,0,False,1,2,46,1,4,3
1,1,True,0,25,67,2,2,3
2,2,True,0,51,64,1,4,3
3,1,False,2,67,63,2,2,3
2,1,False,1,8,72,1,3,3
0,1,False,-1,16,42,2,1,3
2,0,False,2,38,21,2,1,3
0,2,False,-2,13,15,3,1,3
2,2,True,0,41,5,3,2,3
2,0,False,2,66,53,3,2,3
1,1,True,0,28,55,2,2,3
2,0,False,2,58,71,2,4,3
3,2,False,1,76,54,1,2,3
1,0,False,1,10,58,4,3,3
1,1,True,0,20,60,2,4,3
0,0,True,0,26,76,2,1,3
0,1,False,-1,2,24,1,2,3
3,1,False,2,67,51,2,1,3
2,1,False,1,68,46,2,4,3
4,0,False,4,8,13,1,3,3
1,2,False,-1,38,16,2,2,3
1,0,False,1,65,63,4,2,3
1,1,True,0,15,72,1,3,3
1,0,False,1,41,57,3,2,3
2,1,False,1,42,21,1,1,3
1,1,True,0,66,75,3,1,3
4,0,False,4,54,53,2,2,3
1,1,True,0,72,5,4,2,3
0,2,False,-2,10,27,4,2,3
2,0,False,2,20,25,2,2,3
0,3,False,-3,59,55,3,2,3
3,3,True,0,61,76,4,1,3
0,0,True,0,46,24,4,2,3
1,3,False,-2,64,51,2,1,3
2,3,False,-1,65,66,4,2,3
1,1,True,0,68,2,2,1,3
2,5,False,-3,15,8,1,1,3
1,0,False,1,22,16,1,2,3
1,1,True,0,42,37,1,2,3
3,0,False,3,73,13,3,3,3
3,2,False,1,5,57,2,2,3
2,0,False,2,41,71,3,4,3
1,0,False,1,66,54,3,2,3
3,1,False,2,53,75,2,1,3
0,3,False,-3,20,24,2,2,3
1,0,False,1,28,51,2,1,3
1,1,True,0,67,55,2,2,3
1,2,False,-1,68,60,2,4,3
2,0,False,2,8,5,1,2,3
0,2,False,-2,42,75,1,1,3
0,1,False,-1,41,72,3,3,3
2,1,False,1,66,37,3,2,3
1,2,False,-1,25,8,2,1,3
1,0,False,1,28,75,2,1,3
0,0,True,0,66,66,3,2,3
0,1,False,-1,61,72,4,3,3
0,1,False,-1,66,27,3,2,3
1,0,False,1,8,72,1,3,3
2,3,False,-1,66,72,3,3,3
0,2,False,-2,28,8,2,1,3
4,2,False,2,28,15,2,1,2
0,2,False,-2,53,21,2,1,2
2,1,False,1,2,38,1,4,2
1,0,False,1,25,51,2,1,2
0,0,True,0,71,67,1,2,2
0,1,False,-1,1,54,4,2,2
3,1,False,2,42,35,1,3,2
0,1,False,-1,62,44,2,2,2
3,1,False,2,3,40,5,3,2
2,0,False,2,38,28,2,4,2
0,3,False,-3,76,17,1,2,2
1,0,False,1,8,16,1,2,2
0,0,True,0,26,68,2,2,2
2,1,False,1,66,69,3,4,2
1,0,False,1,28,53,2,2,2
4,0,False,4,67,73,2,2,2
2,2,True,0,72,58,4,3,2
3,0,False,3,22,15,1,1,2
2,0,False,2,25,70,2,1,2
1,0,False,1,68,51,2,1,2
6,0,False,6,2,61,1,2,2
0,0,True,0,42,1,1,4,2
2,1,False,1,44,38,2,4,2
0,2,False,-2,18,28,2,4,2
1,1,True,0,38,75,2,1,2
2,0,False,2,54,35,2,3,2
2,0,False,2,8,3,1,5,2
1,1,True,0,26,65,2,3,2
0,0,True,0,41,16,3,2,2
0,4,False,-4,59,73,3,2,2
3,1,False,2,67,71,2,4,2
0,2,False,-2,70,68,4,2,2
1,2,False,-1,15,53,1,2,2
3,0,False,3,28,21,2,1,2
2,0,False,2,51,70,1,1,2
2,2,True,0,68,24,2,2,2
1,1,True,0,35,1,3,4,2
3,2,False,1,39,61,4,2,2
0,0,True,0,44,2,2,1,2
2,1,False,1,54,42,2,1,2
2,2,True,0,16,3,2,5,2
0,2,False,-2,18,37,2,2,2
2,1,False,1,29,75,4,1,2
1,4,False,-3,41,8,3,1,2
0,1,False,-1,59,66,3,2,2
2,0,False,2,69,65,2,3,2
0,2,False,-2,70,25,4,2,2
1,0,False,1,74,71,2,4,2
2,1,False,1,2,42,1,1,2
2,0,False,2,28,67,2,2,2
1,0,False,1,25,21,2,1,2
1,0,False,1,54,44,2,2,2
1,0,False,1,38,3,2,5,2
0,0,True,0,69,73,2,2,2
3,0,False,3,8,28,1,4,2
1,3,False,-2,67,25,2,2,2
1,1,True,0,28,2,2,1,2
3,0,False,3,38,73,2,2,2
0,1,False,-1,8,25,1,2,2
0,0,True,0,25,54,2,2,2
0,2,False,-2,28,37,2,2,2
0,1,False,-1,54,25,2,2,2
3,1,False,2,28,54,2,2,2
1,1,True,0,38,25,2,2,2
1,1,True,0,65,42,4,1,4
0,0,True,0,77,25,1,2,4
1,0,False,1,2,46,1,4,4
1,1,True,0,25,75,2,1,4
2,0,False,2,66,29,3,2,4
0,1,False,-1,0,63,4,2,4
4,0,False,4,28,3,2,5,4
0,1,False,-1,62,28,2,4,4
1,1,True,0,38,51,2,1,4
1,0,False,1,41,10,3,4,4
2,0,False,2,44,19,2,2,4
2,1,False,1,8,47,1,3,4
0,0,True,0,39,54,4,2,4
1,1,True,0,45,62,5,2,4
0,1,False,-1,32,12,1,1,4
0,3,False,-3,65,76,4,1,4
0,1,False,-1,67,68,2,2,4
4,1,False,3,2,65,1,3,4
0,2,False,-2,26,42,2,1,4
2,1,False,1,30,46,2,4,4
0,0,True,0,25,0,2,4,4
0,1,False,-1,28,61,2,2,4
2,2,True,0,64,75,2,1,4
1,2,False,-1,10,19,4,2,4
1,1,True,0,29,3,4,5,4
1,0,False,1,44,40,2,3,4
3,1,False,2,8,38,1,4,4
1,1,True,0,38,45,2,5,4
0,2,False,-2,63,51,2,1,4
1,0,False,1,12,68,1,2,4
7,0,False,7,54,47,2,3,4
2,0,False,2,67,31,2,1,4
0,2,False,-2,30,2,2,1,4
0,1,False,-1,42,76,1,1,4
2,2,True,0,46,65,4,3,4
2,1,False,1,65,25,4,2,4
2,1,False,1,3,61,5,2,4
0,1,False,-1,29,27,4,2,4
0,1,False,-1,64,24,2,2,4
1,0,False,1,76,0,1,4,4
1,2,False,-1,10,44,4,2,4
1,3,False,-2,20,40,2,3,4
0,0,True,0,51,45,1,5,4
3,2,False,1,63,37,2,2,4
1,2,False,-1,12,66,1,2,4
0,3,False,-3,47,38,3,4,4
0,0,True,0,54,8,2,1,4
0,0,True,0,69,31,2,1,4
2,1,False,1,77,65,1,3,4
1,2,False,-1,76,28,1,4,4
3,1,False,2,2,42,1,1,4
4,1,False,3,28,24,2,2,4
3,0,False,3,8,12,1,1,4
2,1,False,1,44,62,2,2,4
0,0,True,0,51,40,1,3,4
1,0,False,1,67,54,2,2,4
2,1,False,1,44,8,2,1,4
1,1,True,0,77,28,1,4,4
0,4,False,-4,2,27,1,2,4
0,1,False,-1,51,66,1,2,4
2,3,False,-1,77,44,1,2,4
0,1,False,-1,28,66,2,2,4
2,3,False,-1,77,27,1,2,4
0,1,False,-1,44,66,2,2,4
3,1,False,2,8,16,1,2,1
3,1,False,2,12,3,1,5,1
1,0,False,1,42,10,1,4,1
1,5,False,-4,67,44,2,2,1
3,0,False,3,14,29,1,2,1
1,2,False,-1,25,37,2,2,1
2,1,False,1,39,40,4,3,1
1,3,False,-2,77,15,1,1,1
2,1,False,1,2,7,1,2,1
3,0,False,3,26,31,2,1,1
2,1,False,1,69,21,2,1,1
4,0,False,4,28,54,2,2,1
1,2,False,-1,29,75,4,1,1
0,0,True,0,35,46,3,4,1
2,1,False,1,5,0,2,4,1
0,0,True,0,8,42,1,1,1
1,1,True,0,58,65,2,3,1
2,3,False,-1,3,44,5,2,1
0,4,False,-4,10,16,4,2,1
0,2,False,-2,67,12,2,1,1
2,1,False,1,14,38,1,4,1
0,0,True,0,41,29,3,2,1
2,1,False,1,77,24,1,2,1
1,2,False,-1,32,21,1,1,1
0,1,False,-1,38,15,2,1,1
2,5,False,-3,69,25,2,2,1
1,0,False,1,2,35,1,3,1
2,2,True,0,28,28,2,4,1
1,0,False,1,46,7,4,2,1
1,0,False,1,5,57,2,2,1
2,4,False,-2,66,0,3,4,1
2,2,True,0,76,54,1,2,1
0,3,False,-3,3,66,5,2,1
4,1,False,3,8,10,1,4,1
1,3,False,-2,16,42,2,1,1
2,0,False,2,44,12,2,1,1
0,0,True,0,15,24,1,2,1
2,1,False,1,30,38,2,4,1
0,1,False,-1,38,76,2,1,1
1,4,False,-3,41,14,3,1,1
3,1,False,2,7,35,2,3,1
0,0,True,0,22,25,1,2,1
0,3,False,-3,32,68,1,2,1
2,3,False,-1,46,2,4,1,1
1,1,True,0,0,57,4,2,1
0,1,False,-1,66,5,3,2,1
2,1,False,1,54,28,2,4,1
0,1,False,-1,76,27,1,2,1
1,1,True,0,8,12,1,1,1
2,0,False,2,14,76,1,1,1
1,1,True,0,15,29,1,2,1
2,1,False,1,44,42,2,1,1
2,0,False,2,26,46,2,4,1
2,1,False,1,28,0,2,4,1
1,0,False,1,2,68,1,2,1
2,1,False,1,5,75,2,1,1
2,1,False,1,8,14,1,1,1
0,1,False,-1,26,27,2,2,1
1,0,False,1,2,5,1,2,1
0,0,True,0,44,15,2,1,1
1,7,False,-6,8,27,1,2,1
0,0,True,0,44,2,2,1,1
0,3,False,-3,8,44,1,2,1
1,0,False,1,28,2,2,1,1
5,0,False,5,58,58,2,3,2
0,1,False,-1,23,76,4,1,2
0,1,False,-1,43,35,4,3,2
3,3,True,0,54,66,2,2,2
2,1,False,1,26,3,2,5,2
1,1,True,0,2,33,1,2,2
0,1,False,-1,52,19,1,2,2
2,0,False,2,16,46,2,4,2
0,1,False,-1,15,61,1,2,2
0,1,False,-1,28,42,2,1,2
1,1,True,0,8,68,1,2,2
1,0,False,1,68,65,2,3,2
3,0,False,3,5,50,2,1,2
1,2,False,-1,72,24,4,2,2
1,2,False,-1,14,40,1,3,2
1,2,False,-1,53,60,2,4,2
3,1,False,2,58,22,2,4,2
1,0,False,1,54,43,2,4,2
1,0,False,1,77,58,1,3,2
0,1,False,-1,35,66,3,2,2
1,1,True,0,20,3,2,5,2
1,0,False,1,26,52,2,1,2
0,3,False,-3,2,16,1,2,2
2,0,False,2,8,15,1,1,2
2,0,False,2,46,33,4,2,2
1,2,False,-1,62,68,2,2,2
5,2,False,3,5,71,2,4,2
1,2,False,-1,66,42,3,1,2
2,1,False,1,28,67,2,2,2
6,1,False,5,25,50,2,1,2
2,2,True,0,41,60,3,4,2
0,3,False,-3,53,14,2,1,2
0,3,False,-3,58,76,2,1,2
2,1,False,1,59,22,3,4,2
2,2,True,0,67,43,2,4,2
1,1,True,0,35,54,3,2,2
0,2,False,-2,3,52,5,1,2
0,0,True,0,20,25,2,2,2
1,2,False,-1,46,2,4,1,2
1,2,False,-1,34,16,2,2,2
2,0,False,2,66,27,3,2,2
0,3,False,-3,42,67,1,2,2
0,2,False,-2,62,8,2,1,2
2,2,True,0,69,15,2,1,2
0,1,False,-1,41,53,3,2,2
0,1,False,-1,61,14,4,1,2
1,2,False,-1,50,71,1,4,2
0,1,False,-1,25,5,2,2,2
4,3,False,1,26,2,2,1,2
2,1,False,1,77,54,1,2,2
1,1,True,0,58,66,2,2,2
1,1,True,0,16,19,2,2,2
2,0,False,2,8,42,1,1,2
3,2,False,1,5,40,2,3,2
1,0,False,1,68,68,2,2,2
1,1,True,0,14,24,1,2,2
0,2,False,-2,77,25,1,2,2
1,2,False,-1,8,5,1,2,2
0,2,False,-2,68,24,2,2,2
2,2,True,0,58,16,2,2,2
1,0,False,1,26,5,2,2,2
2,1,False,1,16,24,2,2,2
2,0,False,2,5,24,2,2,2
4,2,False,2,26,16,2,2,2
0,2,False,-2,55,21,3,1,3
0,2,False,-2,61,44,4,2,3
6,2,False,4,25,35,2,3,3
1,1,True,0,76,77,1,2,3
1,2,False,-1,2,58,1,3,3
0,0,True,0,42,53,1,2,3
0,0,True,0,20,71,2,4,3
4,1,False,3,26,3,2,5,3
1,2,False,-1,28,40,2,3,3
7,0,False,7,67,15,2,1,3
0,0,True,0,43,16,4,2,3
1,0,False,1,5,11,2,1,3
1,0,False,1,69,10,2,4,3
2,0,False,2,8,61,1,2,3
0,0,True,0,77,65,1,3,3
3,2,False,1,54,28,2,4,3
1,3,False,-2,55,60,3,4,3
1,1,True,0,44,21,2,1,3
0,2,False,-2,78,35,2,3,3
0,0,True,0,25,75,2,1,3
2,0,False,2,53,58,2,3,3
2,0,False,2,2,42,1,1,3
0,1,False,-1,72,3,4,5,3
2,1,False,1,26,19,2,2,3
0,1,False,-1,41,15,3,1,3
1,1,True,0,67,27,2,2,3
0,2,False,-2,5,43,2,4,3
4,1,False,3,16,11,2,1,3
3,3,True,0,10,61,4,2,3
1,0,False,1,8,68,1,2,3
2,3,False,-1,66,28,3,4,3
2,0,False,2,54,76,2,1,3
1,2,False,-1,22,60,1,4,3
0,2,False,-2,55,44,3,2,3
0,3,False,-3,78,24,2,2,3
0,1,False,-1,35,75,3,1,3
0,2,False,-2,53,2,2,1,3
1,2,False,-1,59,42,3,1,3
1,0,False,1,3,19,5,2,3
1,0,False,1,72,25,4,2,3
2,1,False,1,41,66,3,2,3
2,4,False,-2,15,27,1,2,3
0,0,True,0,16,5,2,2,3
1,2,False,-1,11,43,1,4,3
2,3,False,-1,62,68,2,2,3
1,0,False,1,10,8,4,1,3
0,2,False,-2,29,76,4,1,3
2,1,False,1,66,54,3,2,3
3,1,False,2,44,75,2,1,3
2,1,False,1,2,3,1,5,3
3,1,False,2,26,53,2,2,3
3,0,False,3,25,60,2,4,3
1,1,True,0,41,16,3,2,3
4,1,False,3,8,65,1,3,3
0,0,True,0,43,66,4,2,3
6,1,False,5,54,68,2,2,3
1,1,True,0,16,8,2,1,3
2,2,True,0,44,2,2,1,3
1,0,False,1,43,54,4,2,3
1,2,False,-1,25,25,2,2,3
3,0,False,3,2,16,1,2,3
2,0,False,2,26,43,2,4,3
2,1,False,1,16,43,2,4,3
3,3,True,0,2,25,1,2,3
